<?xml version="1.0" encoding="UTF-8" standalone="yes"?>

<!--

  This file describes an electronic component for the
  open source project BlackBoard breadboard designer.
  Visit http://blackboard.serverpool.org/ for more
  information and additional components.

-->

<part>
    <author>Gerd Bartelt - www.sebulli.com</author>
    <license>Creative Commons Attribution 3.0 Unported License(CC BY 3.0)</license>
    <width>176</width>
    <height>304</height>
    <xLoc>0</xLoc>
    <yLoc>0</yLoc>
    <name>Battery 6LR61</name>
    <imageName>bat_6LR61.png</imageName>
    <description>Battery 9V Type:6LR61</description>
    <packageType>BAT</packageType>
    <rotation>0</rotation>
    <designator>BAT</designator>

    <connections/>
</part>
