<?xml version="1.0" encoding="UTF-8" standalone="yes"?>

<!--

  This file describes an electronic component for the
  open source project BlackBoard breadboard designer.
  Visit http://blackboard.serverpool.org/ for more
  information and additional components.

-->

<part>
    <author>Gerd Bartelt - www.sebulli.com</author>
    <license>Creative Commons Attribution 3.0 Unported License(CC BY 3.0)</license>
    <width>48</width>
    <height>16</height>
    <xLoc>0</xLoc>
    <yLoc>0</yLoc>
    <name>Ceramic R5 4mm</name>
    <imageName>c_Ceramic_R5_4mm.png</imageName>
    <description>Ceramic Multilayer Capacitor, R5mm, diameter: 4mm</description>
    <packageType>CCER</packageType>
    <rotation>0</rotation>
    <designator>C</designator>

    <connections>
      <pin>
        <num>1</num>
        <x>8</x>
        <y>8</y>
      </pin>
      <pin>
        <num>2</num>
        <x>40</x>
        <y>8</y>
      </pin>
    </connections>

    <sebulli-pin1>8,8</sebulli-pin1>
    <sebulli-pins>0,0/2,0</sebulli-pins>
</part>
