<?xml version="1.0" encoding="UTF-8" standalone="yes"?>
<part>
    <author>Gerd Bartelt - www.sebulli.com</author>
    <license>Creative Commons Attribution 3.0 Unported License(CC BY 3.0)</license>
    <width>160</width>
    <height>64</height>
    <xLoc>0</xLoc>
    <yLoc>0</yLoc>
    <name>ElCap Ax R22.86 8x20mm</name>
    <imageName>c_ElCapAx_R22.86_8x20mm.png</imageName>
    <description>Electrolytic Capacitor 8x20mm, R 22.86mm</description>
    <packageType>ELCAP</packageType>
    <rotation>0</rotation>
</part>
