<?xml version="1.0" encoding="UTF-8" standalone="yes"?>

<!--

  This file describes an electronic component for the
  open source project BlackBoard breadboard designer.
  Visit http://blackboard.serverpool.org/ for more
  information and additional components.

-->

<part>
    <author>Gerd Bartelt - www.sebulli.com</author>
    <license>Creative Commons Attribution 3.0 Unported License(CC BY 3.0)</license>
    <width>224</width>
    <height>112</height>
    <xLoc>0</xLoc>
    <yLoc>0</yLoc>
    <name>Film-C R27.5 W:17mm</name>
    <imageName>c_FOKO_R27.5_17mm.png</imageName>
    <description>Film Capacitor WIMA MKP-10</description>
    <packageType>FILM_C</packageType>
    <rotation>0</rotation>
    <designator>C</designator>

    <connections>
      <pin>
        <num>1</num>
        <x>24</x>
        <y>56</y>
      </pin>
      <pin>
        <num>2</num>
        <x>200</x>
        <y>56</y>
      </pin>
    </connections>

    <sebulli-pin1>24,56</sebulli-pin1>
    <sebulli-pins>0,0/11,0</sebulli-pins>
</part>
