<?xml version="1.0" encoding="UTF-8" standalone="yes"?>

<!--

  This file describes an electronic component for the
  open source project BlackBoard breadboard designer.
  Visit http://blackboard.serverpool.org/ for more
  information and additional components.

-->

<part>
    <author>Gerd Bartelt - www.sebulli.com</author>
    <license>Creative Commons Attribution 3.0 Unported License(CC BY 3.0)</license>
    <width>144</width>
    <height>80</height>
    <xLoc>0</xLoc>
    <yLoc>0</yLoc>
    <name>Block 5.08mm 4</name>
    <imageName>con_Block_5.08mm_4.png</imageName>
    <description>Connector block 5.08mm 4pin</description>
    <packageType>CONNECTOR</packageType>
    <rotation>0</rotation>
    <designator>J</designator>

    <connections>
      <pin>
        <num>1</num>
        <x>24</x>
        <y>40</y>
      </pin>
      <pin>
        <num>2</num>
        <x>56</x>
        <y>40</y>
      </pin>
      <pin>
        <num>3</num>
        <x>88</x>
        <y>40</y>
      </pin>
      <pin>
        <num>4</num>
        <x>120</x>
        <y>40</y>
      </pin>
    </connections>

    <sebulli-pin1>24,40</sebulli-pin1>
    <sebulli-pins>0,0/3*2,0</sebulli-pins>
</part>
