<?xml version="1.0" encoding="UTF-8" standalone="yes"?>

<!--

  This file describes an electronic component for the
  open source project BlackBoard breadboard designer.
  Visit http://blackboard.serverpool.org/ for more
  information and additional components.

-->

<part>
    <author>Gerd Bartelt - www.sebulli.com</author>
    <license>Creative Commons Attribution 3.0 Unported License(CC BY 3.0)</license>
    <width>112</width>
    <height>64</height>
    <xLoc>0</xLoc>
    <yLoc>0</yLoc>
    <name>Box Header 6V</name>
    <imageName>con_BoxHeader_6V.png</imageName>
    <description>Box Header 6 pins vertical</description>
    <packageType>BOXHEADER</packageType>
    <rotation>0</rotation>
    <designator>J</designator>

    <connections>
      <pin>
        <num>1</num>
        <x>40</x>
        <y>40</y>
      </pin>
      <pin>
        <num>2</num>
        <x>56</x>
        <y>40</y>
      </pin>
      <pin>
        <num>3</num>
        <x>72</x>
        <y>40</y>
      </pin>
      <pin>
        <num>4</num>
        <x>40</x>
        <y>24</y>
      </pin>
      <pin>
        <num>5</num>
        <x>56</x>
        <y>24</y>
      </pin>
      <pin>
        <num>6</num>
        <x>72</x>
        <y>24</y>
      </pin>
    </connections>

    <sebulli-pin1>40,24</sebulli-pin1>
    <sebulli-pins>0,1/2*1,0/-2,-1/2*1,0</sebulli-pins>
</part>
