<?xml version="1.0" encoding="UTF-8" standalone="yes"?>

<!--

  This file describes an electronic component for the
  open source project BlackBoard breadboard designer.
  Visit http://blackboard.serverpool.org/ for more
  information and additional components.

-->

<part>
    <author>Gerd Bartelt - www.sebulli.com</author>
    <license>Creative Commons Attribution 3.0 Unported License(CC BY 3.0)</license>
    <width>80</width>
    <height>80</height>
    <xLoc>0</xLoc>
    <yLoc>0</yLoc>
    <name>BridgeRect round</name>
    <imageName>d_BridgeRect_round.png</imageName>
    <description>Round bridge rectifier, eg. B80C800</description>
    <packageType>RECTIFIER</packageType>
    <rotation>0</rotation>
    <designator>BR</designator>

    <connections>
      <pin>
        <num>AC</num>
        <x>24</x>
        <y>24</y>
      </pin>
      <pin>
        <num>N</num>
        <x>56</x>
        <y>24</y>
      </pin>
      <pin>
        <num>P</num>
        <x>24</x>
        <y>56</y>
      </pin>
      <pin>
        <num>AC</num>
        <x>56</x>
        <y>56</y>
      </pin>
    </connections>

    <sebulli-pin1>24,24</sebulli-pin1>
    <sebulli-pins>0,0/2,0/-2,2/2,0</sebulli-pins>
    <sebulli-pinnames>AC,N,P,AC</sebulli-pinnames>
</part>
