<?xml version="1.0" encoding="UTF-8" standalone="yes"?>

<!--

  This file describes an electronic component for the
  open source project BlackBoard breadboard designer.
  Visit http://blackboard.serverpool.org/ for more
  information and additional components.

-->

<part>
    <author>Gerd Bartelt - www.sebulli.com</author>
    <license>Creative Commons Attribution 3.0 Unported License(CC BY 3.0)</license>
    <width>48</width>
    <height>48</height>
    <xLoc>0</xLoc>
    <yLoc>0</yLoc>
    <name>Fuseholder 5x20 R5</name>
    <imageName>f_Fuseholder_5x20_R5.png</imageName>
    <description>Single holder for 5x20mm fuses, R5mm </description>
    <packageType>FUSEHOLDER</packageType>
    <rotation>0</rotation>
    <designator>F</designator>

    <connections>
      <pin>
        <num>1</num>
        <x>24</x>
        <y>8</y>
      </pin>
      <pin>
        <num>2</num>
        <x>24</x>
        <y>40</y>
      </pin>
    </connections>

    <sebulli-pin1>24,8</sebulli-pin1>
    <sebulli-pins>0,0/0,2</sebulli-pins>
</part>
