<?xml version="1.0" encoding="UTF-8" standalone="yes"?>

<!--

  This file describes an electronic component for the
  open source project BlackBoard breadboard designer.
  Visit http://blackboard.serverpool.org/ for more
  information and additional components.

-->

<part>
    <author>Gerd Bartelt - www.sebulli.com</author>
    <license>Creative Commons Attribution 3.0 Unported License(CC BY 3.0)</license>
    <width>48</width>
    <height>160</height>
    <xLoc>0</xLoc>
    <yLoc>0</yLoc>
    <name>Fuse 5x20 Glass</name>
    <imageName>f_Fuse_5x20_Glass.png</imageName>
    <description>Fuse 5x20mm</description>
    <packageType>FUSE</packageType>
    <rotation>0</rotation>
    <designator>F</designator>

    <connections/>
</part>
