<?xml version="1.0" encoding="UTF-8" standalone="yes"?>

<!--

  This file describes an electronic component for the
  open source project BlackBoard breadboard designer.
  Visit http://blackboard.serverpool.org/ for more
  information and additional components.

-->

<part>
    <author>Gerd Bartelt - www.sebulli.com</author>
    <license>Creative Commons Attribution 3.0 Unported License(CC BY 3.0)</license>
    <width>80</width>
    <height>176</height>
    <xLoc>0</xLoc>
    <yLoc>0</yLoc>
    <name>Fuseholder 5x20 25mm</name>
    <imageName>f_Fuseholder_5x20_25mm.png</imageName>
    <description>Holder for 5x20mm fuses, R25mm</description>
    <packageType>FUSEHOLDER</packageType>
    <rotation>0</rotation>
    <designator>F</designator>

    <connections>
      <pin>
        <num>1</num>
        <x>40</x>
        <y>8</y>
      </pin>
      <pin>
        <num>2</num>
        <x>40</x>
        <y>168</y>
      </pin>
    </connections>

    <sebulli-pin1>40,8</sebulli-pin1>
    <sebulli-pins>0,0/0,10</sebulli-pins>
</part>
