<?xml version="1.0" encoding="UTF-8" standalone="yes"?>

<!--

  This file describes an electronic component for the
  open source project BlackBoard breadboard designer.
  Visit http://blackboard.serverpool.org/ for more
  information and additional components.

-->

<part>
    <author>Gerd Bartelt - www.sebulli.com</author>
    <license>Creative Commons Attribution 3.0 Unported License(CC BY 3.0)</license>
    <width>64</width>
    <height>32</height>
    <xLoc>0</xLoc>
    <yLoc>0</yLoc>
    <name>IC DIL 4</name>
    <imageName>ic_dil4.png</imageName>
    <description>IC DIL</description>
    <packageType>DIL 4</packageType>
    <rotation>0</rotation>
    <designator>U</designator>

    <connections>
      <pin>
        <num>1</num>
        <x>8</x>
        <y>8</y>
      </pin>
      <pin>
        <num>2</num>
        <x>8</x>
        <y>24</y>
      </pin>
      <pin>
        <num>3</num>
        <x>56</x>
        <y>24</y>
      </pin>
      <pin>
        <num>4</num>
        <x>56</x>
        <y>8</y>
      </pin>
    </connections>

    <sebulli-pin1>8,8</sebulli-pin1>
    <sebulli-pins>0,0/0,1/3,0/0,-1</sebulli-pins>
</part>
