<?xml version="1.0" encoding="UTF-8" standalone="yes"?>

<!--

  This file describes an electronic component for the
  open source project BlackBoard breadboard designer.
  Visit http://blackboard.serverpool.org/ for more
  information and additional components.

-->

<part>
    <author>Gerd Bartelt - www.sebulli.com</author>
    <license>Creative Commons Attribution 3.0 Unported License(CC BY 3.0)</license>
    <width>112</width>
    <height>512</height>
    <xLoc>0</xLoc>
    <yLoc>0</yLoc>
    <name>IC DIL 64</name>
    <imageName>ic_dil64.png</imageName>
    <description>IC DIL</description>
    <packageType>DIL 64</packageType>
    <rotation>0</rotation>
    <designator>U</designator>

    <connections>
      <pin>
        <num>1</num>
        <x>8</x>
        <y>8</y>
      </pin>
      <pin>
        <num>2</num>
        <x>8</x>
        <y>24</y>
      </pin>
      <pin>
        <num>3</num>
        <x>8</x>
        <y>40</y>
      </pin>
      <pin>
        <num>4</num>
        <x>8</x>
        <y>56</y>
      </pin>
      <pin>
        <num>5</num>
        <x>8</x>
        <y>72</y>
      </pin>
      <pin>
        <num>6</num>
        <x>8</x>
        <y>88</y>
      </pin>
      <pin>
        <num>7</num>
        <x>8</x>
        <y>104</y>
      </pin>
      <pin>
        <num>8</num>
        <x>8</x>
        <y>120</y>
      </pin>
      <pin>
        <num>9</num>
        <x>8</x>
        <y>136</y>
      </pin>
      <pin>
        <num>10</num>
        <x>8</x>
        <y>152</y>
      </pin>
      <pin>
        <num>11</num>
        <x>8</x>
        <y>168</y>
      </pin>
      <pin>
        <num>12</num>
        <x>8</x>
        <y>184</y>
      </pin>
      <pin>
        <num>13</num>
        <x>8</x>
        <y>200</y>
      </pin>
      <pin>
        <num>14</num>
        <x>8</x>
        <y>216</y>
      </pin>
      <pin>
        <num>15</num>
        <x>8</x>
        <y>232</y>
      </pin>
      <pin>
        <num>16</num>
        <x>8</x>
        <y>248</y>
      </pin>
      <pin>
        <num>17</num>
        <x>8</x>
        <y>264</y>
      </pin>
      <pin>
        <num>18</num>
        <x>8</x>
        <y>280</y>
      </pin>
      <pin>
        <num>19</num>
        <x>8</x>
        <y>296</y>
      </pin>
      <pin>
        <num>20</num>
        <x>8</x>
        <y>312</y>
      </pin>
      <pin>
        <num>21</num>
        <x>8</x>
        <y>328</y>
      </pin>
      <pin>
        <num>22</num>
        <x>8</x>
        <y>344</y>
      </pin>
      <pin>
        <num>23</num>
        <x>8</x>
        <y>360</y>
      </pin>
      <pin>
        <num>24</num>
        <x>8</x>
        <y>376</y>
      </pin>
      <pin>
        <num>25</num>
        <x>8</x>
        <y>392</y>
      </pin>
      <pin>
        <num>26</num>
        <x>8</x>
        <y>408</y>
      </pin>
      <pin>
        <num>27</num>
        <x>8</x>
        <y>424</y>
      </pin>
      <pin>
        <num>28</num>
        <x>8</x>
        <y>440</y>
      </pin>
      <pin>
        <num>29</num>
        <x>8</x>
        <y>456</y>
      </pin>
      <pin>
        <num>30</num>
        <x>8</x>
        <y>472</y>
      </pin>
      <pin>
        <num>31</num>
        <x>8</x>
        <y>488</y>
      </pin>
      <pin>
        <num>32</num>
        <x>8</x>
        <y>504</y>
      </pin>
      <pin>
        <num>33</num>
        <x>104</x>
        <y>504</y>
      </pin>
      <pin>
        <num>34</num>
        <x>104</x>
        <y>488</y>
      </pin>
      <pin>
        <num>35</num>
        <x>104</x>
        <y>472</y>
      </pin>
      <pin>
        <num>36</num>
        <x>104</x>
        <y>456</y>
      </pin>
      <pin>
        <num>37</num>
        <x>104</x>
        <y>440</y>
      </pin>
      <pin>
        <num>38</num>
        <x>104</x>
        <y>424</y>
      </pin>
      <pin>
        <num>39</num>
        <x>104</x>
        <y>408</y>
      </pin>
      <pin>
        <num>40</num>
        <x>104</x>
        <y>392</y>
      </pin>
      <pin>
        <num>41</num>
        <x>104</x>
        <y>376</y>
      </pin>
      <pin>
        <num>42</num>
        <x>104</x>
        <y>360</y>
      </pin>
      <pin>
        <num>43</num>
        <x>104</x>
        <y>344</y>
      </pin>
      <pin>
        <num>44</num>
        <x>104</x>
        <y>328</y>
      </pin>
      <pin>
        <num>45</num>
        <x>104</x>
        <y>312</y>
      </pin>
      <pin>
        <num>46</num>
        <x>104</x>
        <y>296</y>
      </pin>
      <pin>
        <num>47</num>
        <x>104</x>
        <y>280</y>
      </pin>
      <pin>
        <num>48</num>
        <x>104</x>
        <y>264</y>
      </pin>
      <pin>
        <num>49</num>
        <x>104</x>
        <y>248</y>
      </pin>
      <pin>
        <num>50</num>
        <x>104</x>
        <y>232</y>
      </pin>
      <pin>
        <num>51</num>
        <x>104</x>
        <y>216</y>
      </pin>
      <pin>
        <num>52</num>
        <x>104</x>
        <y>200</y>
      </pin>
      <pin>
        <num>53</num>
        <x>104</x>
        <y>184</y>
      </pin>
      <pin>
        <num>54</num>
        <x>104</x>
        <y>168</y>
      </pin>
      <pin>
        <num>55</num>
        <x>104</x>
        <y>152</y>
      </pin>
      <pin>
        <num>56</num>
        <x>104</x>
        <y>136</y>
      </pin>
      <pin>
        <num>57</num>
        <x>104</x>
        <y>120</y>
      </pin>
      <pin>
        <num>58</num>
        <x>104</x>
        <y>104</y>
      </pin>
      <pin>
        <num>59</num>
        <x>104</x>
        <y>88</y>
      </pin>
      <pin>
        <num>60</num>
        <x>104</x>
        <y>72</y>
      </pin>
      <pin>
        <num>61</num>
        <x>104</x>
        <y>56</y>
      </pin>
      <pin>
        <num>62</num>
        <x>104</x>
        <y>40</y>
      </pin>
      <pin>
        <num>63</num>
        <x>104</x>
        <y>24</y>
      </pin>
      <pin>
        <num>64</num>
        <x>104</x>
        <y>8</y>
      </pin>
    </connections>

    <sebulli-pin1>8,8</sebulli-pin1>
    <sebulli-pins>0,0/31*0,1/6,0/31*0,-1</sebulli-pins>
</part>
