<?xml version="1.0" encoding="UTF-8" standalone="yes"?>

<!--

  This file describes an electronic component for the
  open source project BlackBoard breadboard designer.
  Visit http://blackboard.serverpool.org/ for more
  information and additional components.

-->

<part>
    <author>Gerd Bartelt - www.sebulli.com</author>
    <license>Creative Commons Attribution 3.0 Unported License(CC BY 3.0)</license>
    <width>176</width>
    <height>64</height>
    <xLoc>0</xLoc>
    <yLoc>0</yLoc>
    <name>L AX R15 7.5x25m</name>
    <imageName>l_AX_R15_7.5x25mm.png</imageName>
    <description>Inductor axial, R15 7.5x25mm</description>
    <packageType>INDUCTOR_AX</packageType>
    <rotation>0</rotation>
    <designator>L</designator>

    <connections>
      <pin>
        <num>1</num>
        <x>40</x>
        <y>56</y>
      </pin>
      <pin>
        <num>2</num>
        <x>136</x>
        <y>8</y>
      </pin>
    </connections>

    <sebulli-pin1>40,56</sebulli-pin1>
    <sebulli-pins>0,0/6,-3</sebulli-pins>
</part>
