<?xml version="1.0" encoding="UTF-8" standalone="yes"?>

<!--

  This file describes an electronic component for the
  open source project BlackBoard breadboard designer.
  Visit http://blackboard.serverpool.org/ for more
  information and additional components.

-->

<part>
    <author>Gerd Bartelt - www.sebulli.com</author>
    <license>Creative Commons Attribution 3.0 Unported License(CC BY 3.0)</license>
    <width>32</width>
    <height>16</height>
    <xLoc>0</xLoc>
    <yLoc>0</yLoc>
    <name>Jumper Green</name>
    <imageName>m_JumperGreen.png</imageName>
    <description>Jumper Green</description>
    <packageType>JUMPER</packageType>
    <rotation>0</rotation>
    <designator>JP</designator>

    <connections/>
</part>
