<?xml version="1.0" encoding="UTF-8" standalone="yes"?>

<!--

  This file describes an electronic component for the
  open source project BlackBoard breadboard designer.
  Visit http://blackboard.serverpool.org/ for more
  information and additional components.

-->

<part>
    <author>Gerd Bartelt - www.sebulli.com</author>
    <license>Creative Commons Attribution 3.0 Unported License(CC BY 3.0)</license>
    <width>144</width>
    <height>256</height>
    <xLoc>0</xLoc>
    <yLoc>0</yLoc>
    <name>5x7Dots 22.9x39.2mm</name>
    <imageName>o_5x7Dots_22.9x39.2mm.png</imageName>
    <description>5x7 dot matrix display</description>
    <packageType>LEDDISPLAY</packageType>
    <rotation>0</rotation>
    <designator>DS</designator>

    <connections>
      <pin>
        <num>1</num>
        <x>24</x>
        <y>24</y>
      </pin>
      <pin>
        <num>2</num>
        <x>40</x>
        <y>24</y>
      </pin>
      <pin>
        <num>3</num>
        <x>56</x>
        <y>24</y>
      </pin>
      <pin>
        <num>4</num>
        <x>72</x>
        <y>24</y>
      </pin>
      <pin>
        <num>5</num>
        <x>88</x>
        <y>24</y>
      </pin>
      <pin>
        <num>6</num>
        <x>104</x>
        <y>24</y>
      </pin>
      <pin>
        <num>7</num>
        <x>120</x>
        <y>24</y>
      </pin>
      <pin>
        <num>8</num>
        <x>120</x>
        <y>232</y>
      </pin>
      <pin>
        <num>9</num>
        <x>104</x>
        <y>232</y>
      </pin>
      <pin>
        <num>10</num>
        <x>88</x>
        <y>232</y>
      </pin>
      <pin>
        <num>11</num>
        <x>72</x>
        <y>232</y>
      </pin>
      <pin>
        <num>12</num>
        <x>56</x>
        <y>232</y>
      </pin>
      <pin>
        <num>13</num>
        <x>40</x>
        <y>232</y>
      </pin>
      <pin>
        <num>14</num>
        <x>24</x>
        <y>232</y>
      </pin>
    </connections>

    <sebulli-pin1>24,24</sebulli-pin1>
    <sebulli-pins>0,0/6*1,0/0,13/6*-1,0</sebulli-pins>
</part>
