<?xml version="1.0" encoding="UTF-8" standalone="yes"?>

<!--

  This file describes an electronic component for the
  open source project BlackBoard breadboard designer.
  Visit http://blackboard.serverpool.org/ for more
  information and additional components.

-->

<part>
    <author>Gerd Bartelt - www.sebulli.com</author>
    <license>Creative Commons Attribution 3.0 Unported License(CC BY 3.0)</license>
    <width>144</width>
    <height>192</height>
    <xLoc>0</xLoc>
    <yLoc>0</yLoc>
    <name>7SEG 20x27.7mm</name>
    <imageName>o_7SEG_20x27.7mm.png</imageName>
    <description>7-segment LED display, symbol: 20,3mm </description>
    <packageType>LEDDISPLAY</packageType>
    <rotation>0</rotation>
    <designator>DS</designator>

    <connections>
      <pin>
        <num>1</num>
        <x>24</x>
        <y>48</y>
      </pin>
      <pin>
        <num>2</num>
        <x>24</x>
        <y>64</y>
      </pin>
      <pin>
        <num>3</num>
        <x>24</x>
        <y>80</y>
      </pin>
      <pin>
        <num>4</num>
        <x>24</x>
        <y>96</y>
      </pin>
      <pin>
        <num>5</num>
        <x>24</x>
        <y>112</y>
      </pin>
      <pin>
        <num>6</num>
        <x>24</x>
        <y>128</y>
      </pin>
      <pin>
        <num>7</num>
        <x>24</x>
        <y>144</y>
      </pin>
      <pin>
        <num>8</num>
        <x>24</x>
        <y>160</y>
      </pin>
      <pin>
        <num>9</num>
        <x>120</x>
        <y>160</y>
      </pin>
      <pin>
        <num>10</num>
        <x>120</x>
        <y>144</y>
      </pin>
      <pin>
        <num>11</num>
        <x>120</x>
        <y>128</y>
      </pin>
      <pin>
        <num>12</num>
        <x>120</x>
        <y>112</y>
      </pin>
      <pin>
        <num>13</num>
        <x>120</x>
        <y>96</y>
      </pin>
      <pin>
        <num>14</num>
        <x>120</x>
        <y>80</y>
      </pin>
      <pin>
        <num>15</num>
        <x>120</x>
        <y>64</y>
      </pin>
      <pin>
        <num>16</num>
        <x>120</x>
        <y>48</y>
      </pin>
    </connections>

    <sebulli-pin1>24,48</sebulli-pin1>
    <sebulli-pins>0,0/7*0,1/6,0/7*0,-1</sebulli-pins>
</part>
