<?xml version="1.0" encoding="UTF-8" standalone="yes"?>

<!--

  This file describes an electronic component for the
  open source project BlackBoard breadboard designer.
  Visit http://blackboard.serverpool.org/ for more
  information and additional components.

-->

<part>
    <author>Gerd Bartelt - www.sebulli.com</author>
    <license>Creative Commons Attribution 3.0 Unported License(CC BY 3.0)</license>
    <width>48</width>
    <height>48</height>
    <xLoc>0</xLoc>
    <yLoc>0</yLoc>
    <name>BPW34</name>
    <imageName>o_BPW34.png</imageName>
    <description>BPW34 photo diode</description>
    <packageType>PHOTODIODE</packageType>
    <rotation>0</rotation>
    <designator>D</designator>

    <connections>
      <pin>
        <num>K</num>
        <x>8</x>
        <y>24</y>
      </pin>
      <pin>
        <num>A</num>
        <x>40</x>
        <y>24</y>
      </pin>
    </connections>

    <sebulli-pin1>8,24</sebulli-pin1>
    <sebulli-pins>0,0/2,0</sebulli-pins>
    <sebulli-pinnames>K,A</sebulli-pinnames>
</part>
