<?xml version="1.0" encoding="UTF-8" standalone="yes"?>

<!--

  This file describes an electronic component for the
  open source project BlackBoard breadboard designer.
  Visit http://blackboard.serverpool.org/ for more
  information and additional components.

-->

<part>
    <author>Gerd Bartelt - www.sebulli.com</author>
    <license>Creative Commons Attribution 3.0 Unported License(CC BY 3.0)</license>
    <width>176</width>
    <height>224</height>
    <xLoc>0</xLoc>
    <yLoc>0</yLoc>
    <name>LCD 2x7SEG 28x33mm</name>
    <imageName>o_LCD_2x7SEG_28x33mm.png</imageName>
    <description>LCD 2x7 segments, 28x33mm</description>
    <packageType>LCDDISP</packageType>
    <rotation>0</rotation>
    <designator>DS</designator>

    <connections>
      <pin>
        <num>1</num>
        <x>24</x>
        <y>216</y>
      </pin>
      <pin>
        <num>2</num>
        <x>40</x>
        <y>216</y>
      </pin>
      <pin>
        <num>3</num>
        <x>56</x>
        <y>216</y>
      </pin>
      <pin>
        <num>4</num>
        <x>72</x>
        <y>216</y>
      </pin>
      <pin>
        <num>5</num>
        <x>88</x>
        <y>216</y>
      </pin>
      <pin>
        <num>6</num>
        <x>104</x>
        <y>216</y>
      </pin>
      <pin>
        <num>7</num>
        <x>120</x>
        <y>216</y>
      </pin>
      <pin>
        <num>8</num>
        <x>136</x>
        <y>216</y>
      </pin>
      <pin>
        <num>9</num>
        <x>152</x>
        <y>216</y>
      </pin>
      <pin>
        <num>10</num>
        <x>152</x>
        <y>8</y>
      </pin>
      <pin>
        <num>11</num>
        <x>136</x>
        <y>8</y>
      </pin>
      <pin>
        <num>12</num>
        <x>120</x>
        <y>8</y>
      </pin>
      <pin>
        <num>13</num>
        <x>104</x>
        <y>8</y>
      </pin>
      <pin>
        <num>14</num>
        <x>88</x>
        <y>8</y>
      </pin>
      <pin>
        <num>15</num>
        <x>72</x>
        <y>8</y>
      </pin>
      <pin>
        <num>16</num>
        <x>56</x>
        <y>8</y>
      </pin>
      <pin>
        <num>17</num>
        <x>40</x>
        <y>8</y>
      </pin>
      <pin>
        <num>18</num>
        <x>24</x>
        <y>8</y>
      </pin>
    </connections>

    <sebulli-pin1>24,8</sebulli-pin1>
    <sebulli-pins>0,13/8*1,0/0,-13/8*-1,0</sebulli-pins>
</part>
