<?xml version="1.0" encoding="UTF-8" standalone="yes"?>

<!--

  This file describes an electronic component for the
  open source project BlackBoard breadboard designer.
  Visit http://blackboard.serverpool.org/ for more
  information and additional components.

-->

<part>
    <author>Gerd Bartelt - www.sebulli.com</author>
    <license>Creative Commons Attribution 3.0 Unported License(CC BY 3.0)</license>
    <width>96</width>
    <height>80</height>
    <xLoc>0</xLoc>
    <yLoc>0</yLoc>
    <name>LDR R7.5 11mm</name>
    <imageName>o_LDR_R7.5_11mm.png</imageName>
    <description>LDR R7.5mm, diameter 11mm</description>
    <packageType>LDR</packageType>
    <rotation>0</rotation>
    <designator>VR</designator>

    <connections>
      <pin>
        <num>1</num>
        <x>24</x>
        <y>40</y>
      </pin>
      <pin>
        <num>2</num>
        <x>72</x>
        <y>40</y>
      </pin>
    </connections>

    <sebulli-pin1>24,40</sebulli-pin1>
    <sebulli-pins>0,0/3,0</sebulli-pins>
</part>
