<?xml version="1.0" encoding="UTF-8" standalone="yes"?>

<!--

  This file describes an electronic component for the
  open source project BlackBoard breadboard designer.
  Visit http://blackboard.serverpool.org/ for more
  information and additional components.

-->

<part>
    <author>Gerd Bartelt - www.sebulli.com</author>
    <license>Creative Commons Attribution 3.0 Unported License(CC BY 3.0)</license>
    <width>64</width>
    <height>64</height>
    <xLoc>0</xLoc>
    <yLoc>0</yLoc>
    <name>LED white 3mm L</name>
    <imageName>o_LED_white_3mm_L.png</imageName>
    <description>White LED 3mm, horizontal</description>
    <packageType>LED</packageType>
    <rotation>0</rotation>
    <designator>D</designator>

    <connections>
      <pin>
        <num>K</num>
        <x>24</x>
        <y>56</y>
      </pin>
      <pin>
        <num>A</num>
        <x>40</x>
        <y>56</y>
      </pin>
    </connections>

    <sebulli-pin1>24,56</sebulli-pin1>
    <sebulli-pins>0,0/1,0</sebulli-pins>
    <sebulli-pinnames>K,A</sebulli-pinnames>
</part>
