<?xml version="1.0" encoding="UTF-8" standalone="yes"?>

<!--

  This file describes an electronic component for the
  open source project BlackBoard breadboard designer.
  Visit http://blackboard.serverpool.org/ for more
  information and additional components.

-->

<part>
    <author>Gerd Bartelt - www.sebulli.com</author>
    <license>Creative Commons Attribution 3.0 Unported License(CC BY 3.0)</license>
    <width>144</width>
    <height>32</height>
    <xLoc>0</xLoc>
    <yLoc>0</yLoc>
    <name>Trim 19x4.8mm</name>
    <imageName>pot_Trim_19x4.8mm.png</imageName>
    <description>Potentiometer multi turn 19x4mm</description>
    <packageType>POTENTIOMETER</packageType>
    <rotation>0</rotation>
    <designator>VR</designator>

    <connections>
      <pin>
        <num>1</num>
        <x>24</x>
        <y>8</y>
      </pin>
      <pin>
        <num>2</num>
        <x>72</x>
        <y>24</y>
      </pin>
      <pin>
        <num>3</num>
        <x>104</x>
        <y>8</y>
      </pin>
    </connections>

    <sebulli-pin1>24,8</sebulli-pin1>
    <sebulli-pins>0,0/3,1/2,-1</sebulli-pins>
</part>
