<?xml version="1.0" encoding="UTF-8" standalone="yes"?>

<!--

  This file describes an electronic component for the
  open source project BlackBoard breadboard designer.
  Visit http://blackboard.serverpool.org/ for more
  information and additional components.

-->

<part>
    <author>Gerd Bartelt - www.sebulli.com</author>
    <license>Creative Commons Attribution 3.0 Unported License(CC BY 3.0)</license>
    <width>32</width>
    <height>64</height>
    <xLoc>0</xLoc>
    <yLoc>0</yLoc>
    <name>Quartz cyl. 3.1mm, horizontal</name>
    <imageName>q_Cylinder_3.1x8mm.png</imageName>
    <description>Quartz in a case with 3.1mm diameter</description>
    <packageType>QUARTZ</packageType>
    <rotation>0</rotation>
    <designator>Y</designator>

    <connections>
      <pin>
        <num>1</num>
        <x>8</x>
        <y>56</y>
      </pin>
      <pin>
        <num>2</num>
        <x>24</x>
        <y>56</y>
      </pin>
    </connections>

    <sebulli-pin1>8,56</sebulli-pin1>
    <sebulli-pins>0,0/1,0</sebulli-pins>
</part>
