<?xml version="1.0" encoding="UTF-8" standalone="yes"?>

<!--

  This file describes an electronic component for the
  open source project BlackBoard breadboard designer.
  Visit http://blackboard.serverpool.org/ for more
  information and additional components.

-->

<part>
    <author>Gerd Bartelt - www.sebulli.com</author>
    <license>Creative Commons Attribution 3.0 Unported License(CC BY 3.0)</license>
    <width>96</width>
    <height>96</height>
    <xLoc>0</xLoc>
    <yLoc>0</yLoc>
    <name>OSC 8</name>
    <imageName>q_OSC_8.png</imageName>
    <description>Quartz Oscillator</description>
    <packageType>OSCDIP</packageType>
    <rotation>0</rotation>
    <designator>Y</designator>

    <connections>
      <pin>
        <num>1</num>
        <x>24</x>
        <y>72</y>
      </pin>
      <pin>
        <num>4</num>
        <x>72</x>
        <y>72</y>
      </pin>
      <pin>
        <num>5</num>
        <x>72</x>
        <y>24</y>
      </pin>
      <pin>
        <num>8</num>
        <x>24</x>
        <y>24</y>
      </pin>
    </connections>

    <sebulli-pin1>24,24</sebulli-pin1>
    <sebulli-pins>0,3/3,0/0,-3/-3,0</sebulli-pins>
    <sebulli-pinnames>1,4,5,8</sebulli-pinnames>
</part>
