<?xml version="1.0" encoding="UTF-8" standalone="yes"?>

<!--

  This file describes an electronic component for the
  open source project BlackBoard breadboard designer.
  Visit http://blackboard.serverpool.org/ for more
  information and additional components.

-->

<part>
    <author>Gerd Bartelt - www.sebulli.com</author>
    <license>Creative Commons Attribution 3.0 Unported License(CC BY 3.0)</license>
    <width>208</width>
    <height>96</height>
    <xLoc>0</xLoc>
    <yLoc>0</yLoc>
    <name>Relay 12.7x29mm</name>
    <imageName>rel_Relay_12.7x29mm.png</imageName>
    <description>Relay 12.7x29mm</description>
    <packageType>RELAY</packageType>
    <rotation>0</rotation>
    <designator>K</designator>

    <connections>
      <pin>
        <num>1</num>
        <x>24</x>
        <y>72</y>
      </pin>
      <pin>
        <num>7</num>
        <x>120</x>
        <y>72</y>
      </pin>
      <pin>
        <num>9</num>
        <x>152</x>
        <y>72</y>
      </pin>
      <pin>
        <num>11</num>
        <x>184</x>
        <y>72</y>
      </pin>
      <pin>
        <num>12</num>
        <x>184</x>
        <y>24</y>
      </pin>
      <pin>
        <num>14</num>
        <x>152</x>
        <y>24</y>
      </pin>
      <pin>
        <num>16</num>
        <x>120</x>
        <y>24</y>
      </pin>
      <pin>
        <num>22</num>
        <x>24</x>
        <y>24</y>
      </pin>
    </connections>

    <sebulli-pin1>24,24</sebulli-pin1>
    <sebulli-pins>0,3/6,0/2,0/2,0/0,-3/-2,0/-2,0/-6,0</sebulli-pins>
    <sebulli-pinnames>1,7,9,11,12,14,16,22</sebulli-pinnames>
</part>
