<?xml version="1.0" encoding="UTF-8" standalone="yes"?>

<!--

  This file describes an electronic component for the
  open source project BlackBoard breadboard designer.
  Visit http://blackboard.serverpool.org/ for more
  information and additional components.

-->

<part>
    <author>Gerd Bartelt - www.sebulli.com</author>
    <license>Creative Commons Attribution 3.0 Unported License(CC BY 3.0)</license>
    <width>112</width>
    <height>64</height>
    <xLoc>0</xLoc>
    <yLoc>0</yLoc>
    <name>Relay 9.3x14.5mm</name>
    <imageName>rel_Relay_9.3x14.5mm.png</imageName>
    <description>Relay 9.3x14.5mm</description>
    <packageType>RELAY</packageType>
    <rotation>0</rotation>
    <designator>K</designator>

    <connections>
      <pin>
        <num>1</num>
        <x>24</x>
        <y>56</y>
      </pin>
      <pin>
        <num>2</num>
        <x>40</x>
        <y>56</y>
      </pin>
      <pin>
        <num>3</num>
        <x>56</x>
        <y>56</y>
      </pin>
      <pin>
        <num>4</num>
        <x>72</x>
        <y>56</y>
      </pin>
      <pin>
        <num>5</num>
        <x>88</x>
        <y>56</y>
      </pin>
      <pin>
        <num>6</num>
        <x>88</x>
        <y>8</y>
      </pin>
      <pin>
        <num>7</num>
        <x>72</x>
        <y>8</y>
      </pin>
      <pin>
        <num>8</num>
        <x>56</x>
        <y>8</y>
      </pin>
      <pin>
        <num>9</num>
        <x>40</x>
        <y>8</y>
      </pin>
      <pin>
        <num>10</num>
        <x>24</x>
        <y>8</y>
      </pin>
    </connections>

    <sebulli-pin1>24,8</sebulli-pin1>
    <sebulli-pins>0,3/4*1,0/0,-3/4*-1,0</sebulli-pins>
</part>
