<?xml version="1.0" encoding="UTF-8" standalone="yes"?>

<!--

  This file describes an electronic component for the
  open source project BlackBoard breadboard designer.
  Visit http://blackboard.serverpool.org/ for more
  information and additional components.

-->

<part>
    <author>Gerd Bartelt - www.sebulli.com</author>
    <license>Creative Commons Attribution 3.0 Unported License(CC BY 3.0)</license>
    <width>32</width>
    <height>32</height>
    <xLoc>0</xLoc>
    <yLoc>0</yLoc>
    <name>SMD SOT23-6</name>
    <imageName>smd_SOT23-6.png</imageName>
    <description>SMD SOT23-6, The 2 pins in the middle are bent up</description>
    <packageType>SMD</packageType>
    <rotation>0</rotation>
    <designator>IC</designator>

    <connections>
    </connections>

</part>
